Departure,Arrival,Aircraft,Operator
ABE,ORD,Narrowbody,Regional
ABQ,DEN,Narrowbody,Malinline
ABQ,DEN,Narrowbody,Regional
ABQ,EWR,Narrowbody,Malinline
ABQ,IAD,Narrowbody,Malinline
ABQ,IAH,Narrowbody,Malinline
ABQ,IAH,Narrowbody,Regional
ABQ,ORD,Narrowbody,Malinline
ABQ,ORD,Narrowbody,Regional
ABQ,SFO,Narrowbody,Malinline
ABQ,SFO,Narrowbody,Regional
ACA,IAH,Narrowbody,Regional
ACC,IAD,Widebody,Malinline
ACV,DEN,Narrowbody,Regional
ACV,LAX,Narrowbody,Regional
ACV,SFO,Narrowbody,Regional
AGU,IAH,Narrowbody,Regional
AKL,LAX,Widebody,Malinline
AKL,SFO,Widebody,Malinline
ALB,ORD,Narrowbody,Malinline
ALB,ORD,Narrowbody,Regional
AMA,DEN,Narrowbody,Regional
AMM,IAD,Widebody,Malinline
AMS,EWR,Widebody,Malinline
AMS,IAD,Widebody,Malinline
AMS,IAH,Widebody,Malinline
AMS,ORD,Widebody,Malinline
AMS,SFO,Widebody,Malinline
ANC,DEN,Narrowbody,Malinline
ANC,ORD,Narrowbody,Malinline
ANU,EWR,Narrowbody,Malinline
ASE,DEN,Narrowbody,Regional
ASE,IAH,Narrowbody,Regional
ASE,LAX,Narrowbody,Regional
ASE,ORD,Narrowbody,Regional
ATH,EWR,Widebody,Malinline
ATH,IAD,Widebody,Malinline
ATL,DEN,Narrowbody,Malinline
ATL,EWR,Narrowbody,Malinline
ATL,FRA,Widebody,Partner
ATL,IAD,Narrowbody,Malinline
ATL,IAH,Narrowbody,Malinline
ATL,IAH,Narrowbody,Regional
ATL,ORD,Narrowbody,Malinline
ATL,SFO,Narrowbody,Malinline
ATW,DEN,Narrowbody,Regional
ATW,ORD,Narrowbody,Regional
AUA,EWR,Narrowbody,Malinline
AUA,IAD,Narrowbody,Malinline
AUA,IAH,Narrowbody,Malinline
AUS,DEN,Narrowbody,Malinline
AUS,EWR,Narrowbody,Malinline
AUS,FRA,Widebody,Partner
AUS,IAD,Narrowbody,Malinline
AUS,IAH,Narrowbody,Malinline
AUS,IAH,Narrowbody,Regional
AUS,LAX,Narrowbody,Malinline
AUS,LAX,Narrowbody,Regional
AUS,ORD,Narrowbody,Malinline
AUS,SFO,Narrowbody,Malinline
AVP,ORD,Narrowbody,Regional
BCN,EWR,Widebody,Malinline
BCN,IAD,Widebody,Malinline
BDL,DEN,Narrowbody,Malinline
BDL,IAD,Narrowbody,Malinline
BDL,IAD,Narrowbody,Regional
BDL,ORD,Narrowbody,Malinline
BER,EWR,Widebody,Malinline
BER,IAD,Widebody,Malinline
BFF,DEN,Narrowbody,Regional
BFL,DEN,Narrowbody,Regional
BFL,SFO,Narrowbody,Regional
BGI,EWR,Narrowbody,Malinline
BGR,ORD,Narrowbody,Regional
BHM,DEN,Narrowbody,Regional
BHM,IAH,Narrowbody,Malinline
BHM,IAH,Narrowbody,Regional
BHM,ORD,Narrowbody,Regional
BIL,DEN,Narrowbody,Malinline
BIS,DEN,Narrowbody,Regional
BJX,IAH,Narrowbody,Malinline
BJX,IAH,Narrowbody,Regional
BNA,DEN,Narrowbody,Malinline
BNA,EWR,Narrowbody,Malinline
BNA,IAD,Narrowbody,Malinline
BNA,IAD,Narrowbody,Regional
BNA,IAH,Narrowbody,Malinline
BNA,IAH,Narrowbody,Regional
BNA,ORD,Narrowbody,Malinline
BNA,ORD,Narrowbody,Regional
BNA,SFO,Narrowbody,Malinline
BNE,SFO,Widebody,Malinline
BOG,EWR,Narrowbody,Malinline
BOG,IAH,Narrowbody,Malinline
BOI,DEN,Narrowbody,Malinline
BOI,LAX,Narrowbody,Regional
BOI,ORD,Narrowbody,Malinline
BOI,SFO,Narrowbody,Malinline
BOI,SFO,Narrowbody,Regional
BON,IAH,Narrowbody,Malinline
BOS,DEN,Narrowbody,Malinline
BOS,EWR,Narrowbody,Malinline
BOS,FRA,Widebody,Partner
BOS,IAD,Narrowbody,Malinline
BOS,IAH,Narrowbody,Malinline
BOS,LAX,Narrowbody,Malinline
BOS,LHR,Widebody,Malinline
BOS,MUC,Widebody,Partner
BOS,ORD,Narrowbody,Malinline
BOS,SFO,Narrowbody,Malinline
BQN,EWR,Narrowbody,Malinline
BRU,EWR,Widebody,Malinline
BRU,IAD,Widebody,Malinline
BRU,JFK,Widebody,Partner
BRU,ORD,Widebody,Malinline
BTR,IAH,Narrowbody,Regional
BTV,IAD,Narrowbody,Malinline
BTV,ORD,Narrowbody,Malinline
BUF,EWR,Narrowbody,Malinline
BUF,IAD,Narrowbody,Regional
BUF,ORD,Narrowbody,Malinline
BUR,DEN,Narrowbody,Malinline
BUR,SFO,Narrowbody,Regional
BWI,DEN,Narrowbody,Malinline
BWI,IAH,Narrowbody,Malinline
BWI,LAX,Narrowbody,Malinline
BWI,ORD,Narrowbody,Malinline
BWI,SFO,Narrowbody,Malinline
BZE,IAH,Narrowbody,Malinline
BZN,DEN,Narrowbody,Malinline
BZN,LAX,Narrowbody,Regional
BZN,ORD,Narrowbody,Malinline
BZN,ORD,Narrowbody,Regional
BZN,SFO,Narrowbody,Regional
CAK,ORD,Narrowbody,Regional
CDG,EWR,Widebody,Malinline
CDG,IAD,Widebody,Malinline
CDG,ORD,Widebody,Malinline
CDG,SFO,Widebody,Malinline
CHA,ORD,Narrowbody,Regional
CHO,ORD,Narrowbody,Regional
CHS,DEN,Narrowbody,Malinline
CHS,EWR,Narrowbody,Malinline
CHS,IAD,Narrowbody,Malinline
CHS,IAD,Narrowbody,Regional
CHS,IAH,Narrowbody,Malinline
CHS,IAH,Narrowbody,Regional
CHS,ORD,Narrowbody,Malinline
CHS,ORD,Narrowbody,Regional
CID,DEN,Narrowbody,Malinline
CID,ORD,Narrowbody,Malinline
CID,ORD,Narrowbody,Regional
CLE,CUN,Narrowbody,Malinline
CLE,DEN,Narrowbody,Malinline
CLE,EWR,Narrowbody,Malinline
CLE,FLL,Narrowbody,Malinline
CLE,IAD,Narrowbody,Malinline
CLE,IAD,Narrowbody,Regional
CLE,IAH,Narrowbody,Malinline
CLE,LAX,Narrowbody,Malinline
CLE,MCO,Narrowbody,Malinline
CLE,ORD,Narrowbody,Malinline
CLE,SFO,Narrowbody,Malinline
CLT,DEN,Narrowbody,Malinline
CLT,EWR,Narrowbody,Malinline
CLT,IAD,Narrowbody,Regional
CLT,IAH,Narrowbody,Malinline
CLT,IAH,Narrowbody,Regional
CLT,MUC,Widebody,Partner
CLT,ORD,Narrowbody,Malinline
CMH,DEN,Narrowbody,Malinline
CMH,EWR,Narrowbody,Malinline
CMH,IAD,Narrowbody,Malinline
CMH,IAD,Narrowbody,Regional
CMH,IAH,Narrowbody,Malinline
CMH,ORD,Narrowbody,Malinline
CMH,ORD,Narrowbody,Regional
CMH,SFO,Narrowbody,Malinline
CMX,ORD,Narrowbody,Regional
CNY,DEN,Narrowbody,Regional
COS,DEN,Narrowbody,Malinline
COS,DEN,Narrowbody,Regional
COS,IAH,Narrowbody,Regional
COS,ORD,Narrowbody,Malinline
COS,ORD,Narrowbody,Regional
CPR,DEN,Narrowbody,Regional
CPT,EWR,Widebody,Malinline
CPT,IAD,Widebody,Malinline
CRP,IAH,Narrowbody,Regional
CRW,ORD,Narrowbody,Regional
CUN,CLE,Narrowbody,Malinline
CUN,DEN,Narrowbody,Malinline
CUN,DEN,Widebody,Malinline
CUN,EWR,Narrowbody,Malinline
CUN,IAD,Narrowbody,Malinline
CUN,IAH,Narrowbody,Malinline
CUN,IAH,Widebody,Malinline
CUN,LAX,Narrowbody,Malinline
CUN,ORD,Narrowbody,Malinline
CUN,ORD,Widebody,Malinline
CUN,SFO,Narrowbody,Malinline
CVG,DEN,Narrowbody,Malinline
CVG,EWR,Narrowbody,Malinline
CVG,IAD,Narrowbody,Regional
CVG,IAH,Narrowbody,Malinline
CVG,IAH,Narrowbody,Regional
CVG,ORD,Narrowbody,Malinline
CVG,ORD,Narrowbody,Regional
CYS,DEN,Narrowbody,Regional
CZM,DEN,Narrowbody,Malinline
CZM,IAH,Narrowbody,Malinline
DAY,DEN,Narrowbody,Regional
DAY,ORD,Narrowbody,Regional
DCA,DEN,Narrowbody,Malinline
DCA,IAH,Narrowbody,Malinline
DCA,ORD,Narrowbody,Malinline
DCA,SFO,Narrowbody,Malinline
DDC,DEN,Narrowbody,Regional
DDC,LBL,Narrowbody,Regional
DEC,JLN,Narrowbody,Regional
DEC,ORD,Narrowbody,Regional
DEL,EWR,Widebody,Malinline
DEN,ABQ,Narrowbody,Malinline
DEN,ABQ,Narrowbody,Regional
DEN,AMA,Narrowbody,Regional
DEN,ANC,Narrowbody,Malinline
DEN,ASE,Narrowbody,Regional
DEN,ATL,Narrowbody,Malinline
DEN,ATW,Narrowbody,Regional
DEN,AUS,Narrowbody,Malinline
DEN,BDL,Narrowbody,Malinline
DEN,BFF,Narrowbody,Regional
DEN,BFL,Narrowbody,Regional
DEN,BHM,Narrowbody,Regional
DEN,BIL,Narrowbody,Malinline
DEN,BIS,Narrowbody,Regional
DEN,BNA,Narrowbody,Malinline
DEN,BOI,Narrowbody,Malinline
DEN,BOS,Narrowbody,Malinline
DEN,BUR,Narrowbody,Malinline
DEN,BWI,Narrowbody,Malinline
DEN,BZN,Narrowbody,Malinline
DEN,CHS,Narrowbody,Malinline
DEN,CID,Narrowbody,Malinline
DEN,CLE,Narrowbody,Malinline
DEN,CLT,Narrowbody,Malinline
DEN,CMH,Narrowbody,Malinline
DEN,CNY,Narrowbody,Regional
DEN,COS,Narrowbody,Malinline
DEN,COS,Narrowbody,Regional
DEN,CPR,Narrowbody,Regional
DEN,CUN,Narrowbody,Malinline
DEN,CUN,Widebody,Malinline
DEN,CVG,Narrowbody,Malinline
DEN,CYS,Narrowbody,Regional
DEN,CZM,Narrowbody,Malinline
DEN,DAY,Narrowbody,Regional
DEN,DCA,Narrowbody,Malinline
DEN,DDC,Narrowbody,Regional
DEN,DFW,Narrowbody,Malinline
DEN,DIK,Narrowbody,Regional
DEN,DRO,Narrowbody,Malinline
DEN,DRO,Narrowbody,Regional
DEN,DSM,Narrowbody,Malinline
DEN,DTW,Narrowbody,Malinline
DEN,DVL,Narrowbody,Regional
DEN,ELP,Narrowbody,Malinline
DEN,EUG,Narrowbody,Malinline
DEN,EWR,Narrowbody,Malinline
DEN,FAR,Narrowbody,Regional
DEN,FAT,Narrowbody,Malinline
DEN,FAT,Narrowbody,Regional
DEN,FCA,Narrowbody,Malinline
DEN,FLL,Narrowbody,Malinline
DEN,FRA,Widebody,Malinline
DEN,FRA,Widebody,Partner
DEN,FSD,Narrowbody,Malinline
DEN,FSD,Narrowbody,Regional
DEN,GCC,Narrowbody,Regional
DEN,GEG,Narrowbody,Malinline
DEN,GJT,Narrowbody,Malinline
DEN,GJT,Narrowbody,Regional
DEN,GRR,Narrowbody,Malinline
DEN,GTF,Narrowbody,Malinline
DEN,HDN,Narrowbody,Regional
DEN,HLN,Narrowbody,Regional
DEN,HNL,Narrowbody,Malinline
DEN,HNL,Widebody,Malinline
DEN,HSV,Narrowbody,Regional
DEN,IAD,Narrowbody,Malinline
DEN,IAD,Widebody,Malinline
DEN,IAH,Narrowbody,Malinline
DEN,IAH,Widebody,Malinline
DEN,ICT,Narrowbody,Malinline
DEN,IDA,Narrowbody,Regional
DEN,IND,Narrowbody,Malinline
DEN,JAC,Narrowbody,Malinline
DEN,JAX,Narrowbody,Malinline
DEN,JLN,Narrowbody,Regional
DEN,JMS,Narrowbody,Regional
DEN,KOA,Narrowbody,Malinline
DEN,KOA,Widebody,Malinline
DEN,LAR,Narrowbody,Regional
DEN,LAS,Narrowbody,Malinline
DEN,LAX,Narrowbody,Malinline
DEN,LAX,Widebody,Malinline
DEN,LBB,Narrowbody,Regional
DEN,LBF,Narrowbody,Regional
DEN,LBL,Narrowbody,Regional
DEN,LEX,Narrowbody,Regional
DEN,LGA,Narrowbody,Malinline
DEN,LHR,Widebody,Malinline
DEN,LIH,Narrowbody,Malinline
DEN,LIR,Narrowbody,Malinline
DEN,LIT,Narrowbody,Regional
DEN,LNK,Narrowbody,Regional
DEN,LWS,Narrowbody,Regional
DEN,MAF,Narrowbody,Regional
DEN,MCI,Narrowbody,Malinline
DEN,MCO,Narrowbody,Malinline
DEN,MEM,Narrowbody,Malinline
DEN,MFR,Narrowbody,Malinline
DEN,MIA,Narrowbody,Malinline
DEN,MKE,Narrowbody,Malinline
DEN,MKE,Narrowbody,Regional
DEN,MLI,Narrowbody,Regional
DEN,MOT,Narrowbody,Regional
DEN,MSN,Narrowbody,Malinline
DEN,MSN,Narrowbody,Regional
DEN,MSO,Narrowbody,Malinline
DEN,MSO,Narrowbody,Regional
DEN,MSP,Narrowbody,Malinline
DEN,MSY,Narrowbody,Malinline
DEN,MTJ,Narrowbody,Regional
DEN,MUC,Widebody,Malinline
DEN,MUC,Widebody,Partner
DEN,NRT,Widebody,Malinline
DEN,OGG,Widebody,Malinline
DEN,OKC,Narrowbody,Malinline
DEN,OKC,Narrowbody,Regional
DEN,OMA,Narrowbody,Malinline
DEN,ONT,Narrowbody,Malinline
DEN,ORD,Narrowbody,Malinline
DEN,ORD,Widebody,Malinline
DEN,ORF,Narrowbody,Malinline
DEN,PDX,Narrowbody,Malinline
DEN,PHL,Narrowbody,Malinline
DEN,PHX,Narrowbody,Malinline
DEN,PIT,Narrowbody,Malinline
DEN,PRC,Narrowbody,Regional
DEN,PSC,Narrowbody,Regional
DEN,PSP,Narrowbody,Malinline
DEN,PVR,Narrowbody,Malinline
DEN,RAP,Narrowbody,Malinline
DEN,RAP,Narrowbody,Regional
DEN,RDM,Narrowbody,Malinline
DEN,RDM,Narrowbody,Regional
DEN,RDU,Narrowbody,Malinline
DEN,RIC,Narrowbody,Malinline
DEN,RIW,Narrowbody,Regional
DEN,RKS,Narrowbody,Regional
DEN,RNO,Narrowbody,Malinline
DEN,RSW,Narrowbody,Malinline
DEN,SAN,Narrowbody,Malinline
DEN,SAT,Narrowbody,Malinline
DEN,SAV,Narrowbody,Malinline
DEN,SBA,Narrowbody,Malinline
DEN,SBA,Narrowbody,Regional
DEN,SBP,Narrowbody,Malinline
DEN,SBP,Narrowbody,Regional
DEN,SDF,Narrowbody,Malinline
DEN,SEA,Narrowbody,Malinline
DEN,SFO,Narrowbody,Malinline
DEN,SFO,Widebody,Malinline
DEN,SGF,Narrowbody,Regional
DEN,SGU,Narrowbody,Regional
DEN,SHR,Narrowbody,Regional
DEN,SJC,Narrowbody,Malinline
DEN,SJD,Narrowbody,Malinline
DEN,SLC,Narrowbody,Malinline
DEN,SLC,Narrowbody,Regional
DEN,SLN,Narrowbody,Regional
DEN,SMF,Narrowbody,Malinline
DEN,SNA,Narrowbody,Malinline
DEN,STL,Narrowbody,Malinline
DEN,SUX,Narrowbody,Regional
DEN,SYR,Narrowbody,Malinline
DEN,TPA,Narrowbody,Malinline
DEN,TUL,Narrowbody,Malinline
DEN,TUL,Narrowbody,Regional
DEN,TUS,Narrowbody,Malinline
DEN,TYS,Narrowbody,Regional
DEN,VEL,Narrowbody,Regional
DEN,XNA,Narrowbody,Regional
DEN,XWA,Narrowbody,Regional
DEN,YEG,Narrowbody,Regional
DEN,YVR,Narrowbody,Malinline
DEN,YYC,Narrowbody,Malinline
DEN,YYZ,Narrowbody,Malinline
DFW,DEN,Narrowbody,Malinline
DFW,EWR,Narrowbody,Malinline
DFW,FRA,Widebody,Partner
DFW,IAD,Narrowbody,Malinline
DFW,IAH,Narrowbody,Malinline
DFW,IAH,Narrowbody,Regional
DFW,ORD,Narrowbody,Malinline
DFW,SFO,Narrowbody,Malinline
DIK,DEN,Narrowbody,Regional
DLH,ORD,Narrowbody,Regional
DRO,DEN,Narrowbody,Malinline
DRO,DEN,Narrowbody,Regional
DSM,DEN,Narrowbody,Malinline
DSM,IAH,Narrowbody,Malinline
DSM,IAH,Narrowbody,Regional
DSM,ORD,Narrowbody,Malinline
DSM,ORD,Narrowbody,Regional
DTW,DEN,Narrowbody,Malinline
DTW,EWR,Narrowbody,Malinline
DTW,FRA,Widebody,Partner
DTW,IAH,Narrowbody,Malinline
DTW,IAH,Narrowbody,Regional
DTW,ORD,Narrowbody,Malinline
DTW,ORD,Narrowbody,Regional
DUB,EWR,Narrowbody,Malinline
DUB,EWR,Widebody,Malinline
DUB,IAD,Widebody,Malinline
DUB,ORD,Narrowbody,Malinline
DVL,DEN,Narrowbody,Regional
DVL,JMS,Narrowbody,Regional
DXB,EWR,Widebody,Malinline
EDI,EWR,Narrowbody,Malinline
EDI,IAD,Narrowbody,Malinline
ELP,DEN,Narrowbody,Malinline
ELP,IAH,Narrowbody,Regional
EUG,DEN,Narrowbody,Malinline
EUG,SFO,Narrowbody,Malinline
EWR,ABQ,Narrowbody,Malinline
EWR,AMS,Widebody,Malinline
EWR,ANU,Narrowbody,Malinline
EWR,ATH,Widebody,Malinline
EWR,ATL,Narrowbody,Malinline
EWR,AUA,Narrowbody,Malinline
EWR,AUS,Narrowbody,Malinline
EWR,BCN,Widebody,Malinline
EWR,BER,Widebody,Malinline
EWR,BGI,Narrowbody,Malinline
EWR,BNA,Narrowbody,Malinline
EWR,BOG,Narrowbody,Malinline
EWR,BOS,Narrowbody,Malinline
EWR,BQN,Narrowbody,Malinline
EWR,BRU,Widebody,Malinline
EWR,BUF,Narrowbody,Malinline
EWR,CDG,Widebody,Malinline
EWR,CHS,Narrowbody,Malinline
EWR,CLE,Narrowbody,Malinline
EWR,CLT,Narrowbody,Malinline
EWR,CMH,Narrowbody,Malinline
EWR,CPT,Widebody,Malinline
EWR,CUN,Narrowbody,Malinline
EWR,CVG,Narrowbody,Malinline
EWR,DEL,Widebody,Malinline
EWR,DEN,Narrowbody,Malinline
EWR,DFW,Narrowbody,Malinline
EWR,DTW,Narrowbody,Malinline
EWR,DUB,Narrowbody,Malinline
EWR,DUB,Widebody,Malinline
EWR,DXB,Widebody,Malinline
EWR,EDI,Narrowbody,Malinline
EWR,FCO,Widebody,Malinline
EWR,FLL,Narrowbody,Malinline
EWR,FRA,Widebody,Malinline
EWR,FRA,Widebody,Partner
EWR,GRU,Widebody,Malinline
EWR,GSP,Narrowbody,Malinline
EWR,GUA,Narrowbody,Malinline
EWR,GVA,Widebody,Malinline
EWR,HND,Widebody,Malinline
EWR,HNL,Widebody,Malinline
EWR,IAD,Narrowbody,Malinline
EWR,IAH,Narrowbody,Malinline
EWR,IAH,Widebody,Malinline
EWR,IND,Narrowbody,Malinline
EWR,JAX,Narrowbody,Malinline
EWR,JNB,Widebody,Malinline
EWR,LAS,Narrowbody,Malinline
EWR,LAS,Widebody,Malinline
EWR,LAX,Narrowbody,Malinline
EWR,LAX,Widebody,Malinline
EWR,LHR,Widebody,Malinline
EWR,LIM,Narrowbody,Malinline
EWR,LIR,Narrowbody,Malinline
EWR,LIS,Widebody,Malinline
EWR,MAD,Widebody,Malinline
EWR,MBJ,Narrowbody,Malinline
EWR,MCI,Narrowbody,Malinline
EWR,MCO,Narrowbody,Malinline
EWR,MEM,Narrowbody,Malinline
EWR,MEX,Narrowbody,Malinline
EWR,MIA,Narrowbody,Malinline
EWR,MSP,Narrowbody,Malinline
EWR,MSY,Narrowbody,Malinline
EWR,MUC,Widebody,Malinline
EWR,MUC,Widebody,Partner
EWR,MXP,Widebody,Malinline
EWR,MYR,Narrowbody,Malinline
EWR,NAP,Widebody,Malinline
EWR,NAS,Narrowbody,Malinline
EWR,NRT,Widebody,Malinline
EWR,OPO,Narrowbody,Malinline
EWR,ORD,Narrowbody,Malinline
EWR,ORD,Widebody,Malinline
EWR,ORF,Narrowbody,Malinline
EWR,PBI,Narrowbody,Malinline
EWR,PDX,Narrowbody,Malinline
EWR,PHX,Narrowbody,Malinline
EWR,PLS,Narrowbody,Malinline
EWR,POP,Narrowbody,Malinline
EWR,PTY,Narrowbody,Malinline
EWR,PUJ,Narrowbody,Malinline
EWR,PWM,Narrowbody,Malinline
EWR,RDU,Narrowbody,Malinline
EWR,ROC,Narrowbody,Malinline
EWR,RSW,Narrowbody,Malinline
EWR,SAN,Narrowbody,Malinline
EWR,SAT,Narrowbody,Malinline
EWR,SAV,Narrowbody,Malinline
EWR,SDQ,Narrowbody,Malinline
EWR,SEA,Narrowbody,Malinline
EWR,SFO,Narrowbody,Malinline
EWR,SFO,Widebody,Malinline
EWR,SJD,Narrowbody,Malinline
EWR,SJO,Narrowbody,Malinline
EWR,SJU,Narrowbody,Malinline
EWR,SJU,Widebody,Malinline
EWR,SLC,Narrowbody,Malinline
EWR,SMF,Narrowbody,Malinline
EWR,SNA,Narrowbody,Malinline
EWR,SNN,Narrowbody,Malinline
EWR,SRQ,Narrowbody,Malinline
EWR,STI,Narrowbody,Malinline
EWR,STL,Narrowbody,Malinline
EWR,STT,Narrowbody,Malinline
EWR,SXM,Narrowbody,Malinline
EWR,SYR,Narrowbody,Malinline
EWR,TLV,Widebody,Malinline
EWR,TPA,Narrowbody,Malinline
EWR,VCE,Widebody,Malinline
EWR,VIE,Widebody,Partner
EWR,ZRH,Widebody,Malinline
EZE,IAH,Widebody,Malinline
FAR,DEN,Narrowbody,Regional
FAR,ORD,Narrowbody,Regional
FAT,DEN,Narrowbody,Malinline
FAT,DEN,Narrowbody,Regional
FAT,LAX,Narrowbody,Regional
FAT,SFO,Narrowbody,Malinline
FAT,SFO,Narrowbody,Regional
FCA,DEN,Narrowbody,Malinline
FCO,EWR,Widebody,Malinline
FCO,IAD,Widebody,Malinline
FCO,ORD,Widebody,Malinline
FLL,CLE,Narrowbody,Malinline
FLL,DEN,Narrowbody,Malinline
FLL,EWR,Narrowbody,Malinline
FLL,IAD,Narrowbody,Malinline
FLL,IAH,Narrowbody,Malinline
FLL,ORD,Narrowbody,Malinline
FLL,SFO,Narrowbody,Malinline
FNT,ORD,Narrowbody,Regional
FOD,MCW,Narrowbody,Regional
FOD,ORD,Narrowbody,Regional
FRA,ATL,Widebody,Partner
FRA,AUS,Widebody,Partner
FRA,BOS,Widebody,Partner
FRA,DEN,Widebody,Malinline
FRA,DEN,Widebody,Partner
FRA,DFW,Widebody,Partner
FRA,DTW,Widebody,Partner
FRA,EWR,Widebody,Malinline
FRA,EWR,Widebody,Partner
FRA,IAD,Widebody,Malinline
FRA,IAD,Widebody,Partner
FRA,IAH,Widebody,Malinline
FRA,IAH,Widebody,Partner
FRA,JFK,Widebody,Partner
FRA,LAX,Widebody,Partner
FRA,MCO,Widebody,Partner
FRA,MIA,Widebody,Partner
FRA,ORD,Widebody,Malinline
FRA,ORD,Widebody,Partner
FRA,PHL,Widebody,Partner
FRA,SEA,Widebody,Partner
FRA,SFO,Widebody,Malinline
FRA,SFO,Widebody,Partner
FSD,DEN,Narrowbody,Malinline
FSD,DEN,Narrowbody,Regional
FSD,ORD,Narrowbody,Malinline
FSD,ORD,Narrowbody,Regional
FUK,GUM,Narrowbody,Malinline
FWA,ORD,Narrowbody,Regional
GCC,DEN,Narrowbody,Regional
GCM,IAH,Narrowbody,Malinline
GDL,IAH,Narrowbody,Malinline
GEG,DEN,Narrowbody,Malinline
GEG,SFO,Narrowbody,Regional
GIG,IAH,Widebody,Malinline
GJT,DEN,Narrowbody,Malinline
GJT,DEN,Narrowbody,Regional
GRB,ORD,Narrowbody,Regional
GRR,DEN,Narrowbody,Malinline
GRR,IAH,Narrowbody,Malinline
GRR,IAH,Narrowbody,Regional
GRR,ORD,Narrowbody,Malinline
GRR,ORD,Narrowbody,Regional
GRU,EWR,Widebody,Malinline
GRU,IAD,Widebody,Malinline
GRU,IAH,Widebody,Malinline
GRU,ORD,Widebody,Malinline
GSO,ORD,Narrowbody,Regional
GSP,EWR,Narrowbody,Malinline
GSP,IAH,Narrowbody,Malinline
GSP,ORD,Narrowbody,Regional
GTF,DEN,Narrowbody,Malinline
GUA,EWR,Narrowbody,Malinline
GUA,IAD,Narrowbody,Malinline
GUA,IAH,Narrowbody,Malinline
GUA,LAX,Narrowbody,Malinline
GUA,ORD,Narrowbody,Malinline
GUM,FUK,Narrowbody,Malinline
GUM,HNL,Widebody,Malinline
GUM,KIX,Narrowbody,Malinline
GUM,MNL,Narrowbody,Malinline
GUM,NGO,Narrowbody,Malinline
GUM,NRT,Narrowbody,Malinline
GUM,PNI,Narrowbody,Malinline
GUM,ROR,Narrowbody,Malinline
GUM,SPN,Narrowbody,Malinline
GUM,TKK,Narrowbody,Malinline
GUM,YAP,Narrowbody,Malinline
GVA,EWR,Widebody,Malinline
GVA,IAD,Widebody,Malinline
HAV,IAH,Narrowbody,Malinline
HAV,IAH,Narrowbody,Regional
HDN,DEN,Narrowbody,Regional
HKG,LAX,Widebody,Malinline
HKG,SFO,Widebody,Malinline
HLN,DEN,Narrowbody,Regional
HND,EWR,Widebody,Malinline
HND,HNL,Widebody,Partner
HND,IAD,Widebody,Malinline
HND,IAD,Widebody,Partner
HND,IAH,Widebody,Partner
HND,JFK,Widebody,Partner
HND,LAX,Widebody,Malinline
HND,LAX,Widebody,Partner
HND,ORD,Widebody,Malinline
HND,ORD,Widebody,Partner
HND,SEA,Widebody,Partner
HND,SFO,Widebody,Malinline
HND,SFO,Widebody,Partner
HND,YVR,Widebody,Partner
HNL,DEN,Narrowbody,Malinline
HNL,DEN,Widebody,Malinline
HNL,EWR,Widebody,Malinline
HNL,GUM,Widebody,Malinline
HNL,HND,Widebody,Partner
HNL,IAD,Widebody,Malinline
HNL,IAH,Widebody,Malinline
HNL,LAX,Narrowbody,Malinline
HNL,LAX,Widebody,Malinline
HNL,MAJ,Narrowbody,Malinline
HNL,NRT,Widebody,Partner
HNL,ORD,Widebody,Malinline
HNL,SFO,Narrowbody,Malinline
HNL,SFO,Widebody,Malinline
HRL,IAH,Narrowbody,Regional
HSV,DEN,Narrowbody,Regional
HSV,ORD,Narrowbody,Regional
HYS,DEN,Narrowbody,Regional
HYS,SLN,Narrowbody,Regional
IAD,ABQ,Narrowbody,Malinline
IAD,AMM,Widebody,Malinline
IAD,AMS,Widebody,Malinline
IAD,ATH,Widebody,Malinline
IAD,ATL,Narrowbody,Malinline
IAD,AUA,Narrowbody,Malinline
IAD,AUS,Narrowbody,Malinline
IAD,BCN,Widebody,Malinline
IAD,BDL,Narrowbody,Malinline
IAD,BDL,Narrowbody,Regional
IAD,BER,Widebody,Malinline
IAD,BNA,Narrowbody,Malinline
IAD,BNA,Narrowbody,Regional
IAD,BOS,Narrowbody,Malinline
IAD,BRU,Widebody,Malinline
IAD,BRU,Widebody,Partner
IAD,BTV,Narrowbody,Malinline
IAD,BUF,Narrowbody,Regional
IAD,CDG,Widebody,Malinline
IAD,CHS,Narrowbody,Malinline
IAD,CHS,Narrowbody,Regional
IAD,CLE,Narrowbody,Malinline
IAD,CLE,Narrowbody,Regional
IAD,CLT,Narrowbody,Regional
IAD,CMH,Narrowbody,Malinline
IAD,CMH,Narrowbody,Regional
IAD,CPT,Widebody,Malinline
IAD,CUN,Narrowbody,Malinline
IAD,CVG,Narrowbody,Regional
IAD,DEN,Narrowbody,Malinline
IAD,DEN,Widebody,Malinline
IAD,DFW,Narrowbody,Malinline
IAD,DUB,Widebody,Malinline
IAD,EDI,Narrowbody,Malinline
IAD,EWR,Narrowbody,Malinline
IAD,FCO,Widebody,Malinline
IAD,FLL,Narrowbody,Malinline
IAD,FRA,Widebody,Malinline
IAD,FRA,Widebody,Partner
IAD,GRU,Widebody,Malinline
IAD,GUA,Narrowbody,Malinline
IAD,GVA,Widebody,Malinline
IAD,HND,Widebody,Malinline
IAD,HND,Widebody,Partner
IAD,HNL,Widebody,Malinline
IAD,IAH,Narrowbody,Malinline
IAD,IAH,Widebody,Malinline
IAD,IND,Narrowbody,Malinline
IAD,JAX,Narrowbody,Malinline
IAD,JST,Narrowbody,Regional
IAD,LAS,Narrowbody,Malinline
IAD,LAS,Widebody,Malinline
IAD,LAX,Narrowbody,Malinline
IAD,LAX,Widebody,Malinline
IAD,LGA,Narrowbody,Regional
IAD,LHR,Widebody,Malinline
IAD,LIS,Narrowbody,Malinline
IAD,LIS,Widebody,Malinline
IAD,LOS,Widebody,Malinline
IAD,MAD,Widebody,Malinline
IAD,MBJ,Narrowbody,Malinline
IAD,MCO,Narrowbody,Malinline
IAD,MEX,Narrowbody,Malinline
IAD,MIA,Narrowbody,Malinline
IAD,MSY,Narrowbody,Malinline
IAD,MUC,Widebody,Malinline
IAD,NRT,Widebody,Partner
IAD,ORD,Narrowbody,Malinline
IAD,ORD,Widebody,Malinline
IAD,ORF,Narrowbody,Malinline
IAD,PDX,Narrowbody,Malinline
IAD,PHX,Narrowbody,Malinline
IAD,PLS,Narrowbody,Malinline
IAD,PUJ,Narrowbody,Malinline
IAD,PWM,Narrowbody,Malinline
IAD,RDU,Narrowbody,Malinline
IAD,ROC,Narrowbody,Regional
IAD,RSW,Narrowbody,Malinline
IAD,SAL,Narrowbody,Malinline
IAD,SAN,Narrowbody,Malinline
IAD,SAN,Widebody,Malinline
IAD,SAT,Narrowbody,Malinline
IAD,SAV,Narrowbody,Regional
IAD,SEA,Narrowbody,Malinline
IAD,SFO,Narrowbody,Malinline
IAD,SFO,Widebody,Malinline
IAD,SJU,Narrowbody,Malinline
IAD,SMF,Narrowbody,Malinline
IAD,STT,Narrowbody,Malinline
IAD,SYR,Narrowbody,Regional
IAD,TLV,Widebody,Malinline
IAD,TPA,Narrowbody,Malinline
IAD,VIE,Widebody,Partner
IAD,YUL,Narrowbody,Regional
IAD,ZRH,Widebody,Malinline
IAH,ABQ,Narrowbody,Malinline
IAH,ABQ,Narrowbody,Regional
IAH,ACA,Narrowbody,Regional
IAH,AGU,Narrowbody,Regional
IAH,AMS,Widebody,Malinline
IAH,ASE,Narrowbody,Regional
IAH,ATL,Narrowbody,Malinline
IAH,ATL,Narrowbody,Regional
IAH,AUA,Narrowbody,Malinline
IAH,AUS,Narrowbody,Malinline
IAH,AUS,Narrowbody,Regional
IAH,BHM,Narrowbody,Malinline
IAH,BHM,Narrowbody,Regional
IAH,BJX,Narrowbody,Malinline
IAH,BJX,Narrowbody,Regional
IAH,BNA,Narrowbody,Malinline
IAH,BNA,Narrowbody,Regional
IAH,BOG,Narrowbody,Malinline
IAH,BON,Narrowbody,Malinline
IAH,BOS,Narrowbody,Malinline
IAH,BTR,Narrowbody,Regional
IAH,BWI,Narrowbody,Malinline
IAH,BZE,Narrowbody,Malinline
IAH,CHS,Narrowbody,Malinline
IAH,CHS,Narrowbody,Regional
IAH,CLE,Narrowbody,Malinline
IAH,CLT,Narrowbody,Malinline
IAH,CLT,Narrowbody,Regional
IAH,CMH,Narrowbody,Malinline
IAH,COS,Narrowbody,Regional
IAH,CRP,Narrowbody,Regional
IAH,CUN,Narrowbody,Malinline
IAH,CUN,Widebody,Malinline
IAH,CVG,Narrowbody,Malinline
IAH,CVG,Narrowbody,Regional
IAH,CZM,Narrowbody,Malinline
IAH,DCA,Narrowbody,Malinline
IAH,DEN,Narrowbody,Malinline
IAH,DEN,Widebody,Malinline
IAH,DFW,Narrowbody,Malinline
IAH,DFW,Narrowbody,Regional
IAH,DSM,Narrowbody,Malinline
IAH,DSM,Narrowbody,Regional
IAH,DTW,Narrowbody,Malinline
IAH,DTW,Narrowbody,Regional
IAH,ELP,Narrowbody,Regional
IAH,EWR,Narrowbody,Malinline
IAH,EWR,Widebody,Malinline
IAH,EZE,Widebody,Malinline
IAH,FLL,Narrowbody,Malinline
IAH,FRA,Widebody,Malinline
IAH,FRA,Widebody,Partner
IAH,GCM,Narrowbody,Malinline
IAH,GDL,Narrowbody,Malinline
IAH,GIG,Widebody,Malinline
IAH,GRR,Narrowbody,Malinline
IAH,GRR,Narrowbody,Regional
IAH,GRU,Widebody,Malinline
IAH,GSP,Narrowbody,Malinline
IAH,GUA,Narrowbody,Malinline
IAH,HAV,Narrowbody,Malinline
IAH,HAV,Narrowbody,Regional
IAH,HND,Widebody,Partner
IAH,HNL,Widebody,Malinline
IAH,HRL,Narrowbody,Regional
IAH,IAD,Narrowbody,Malinline
IAH,IAD,Widebody,Malinline
IAH,ICT,Narrowbody,Regional
IAH,IND,Narrowbody,Malinline
IAH,IND,Narrowbody,Regional
IAH,JAX,Narrowbody,Malinline
IAH,JAX,Narrowbody,Regional
IAH,LAS,Narrowbody,Malinline
IAH,LAX,Narrowbody,Malinline
IAH,LFT,Narrowbody,Regional
IAH,LGA,Narrowbody,Malinline
IAH,LGA,Narrowbody,Regional
IAH,LHR,Widebody,Malinline
IAH,LIM,Widebody,Malinline
IAH,LIR,Narrowbody,Malinline
IAH,LIT,Narrowbody,Regional
IAH,MAF,Narrowbody,Malinline
IAH,MAF,Narrowbody,Regional
IAH,MBJ,Narrowbody,Malinline
IAH,MCI,Narrowbody,Malinline
IAH,MCI,Narrowbody,Regional
IAH,MCO,Narrowbody,Malinline
IAH,MEI,Narrowbody,Regional
IAH,MEM,Narrowbody,Malinline
IAH,MEM,Narrowbody,Regional
IAH,MEX,Narrowbody,Malinline
IAH,MFE,Narrowbody,Malinline
IAH,MFE,Narrowbody,Regional
IAH,MGA,Narrowbody,Malinline
IAH,MIA,Narrowbody,Malinline
IAH,MID,Narrowbody,Malinline
IAH,MKE,Narrowbody,Malinline
IAH,MKE,Narrowbody,Regional
IAH,MLM,Narrowbody,Regional
IAH,MOB,Narrowbody,Regional
IAH,MSP,Narrowbody,Malinline
IAH,MSP,Narrowbody,Regional
IAH,MSY,Narrowbody,Malinline
IAH,MSY,Narrowbody,Regional
IAH,MTY,Narrowbody,Malinline
IAH,MTY,Narrowbody,Regional
IAH,MUC,Widebody,Malinline
IAH,NAS,Narrowbody,Malinline
IAH,NRT,Widebody,Malinline
IAH,OAX,Narrowbody,Regional
IAH,OKC,Narrowbody,Regional
IAH,OMA,Narrowbody,Malinline
IAH,OMA,Narrowbody,Regional
IAH,ORD,Narrowbody,Malinline
IAH,ORF,Narrowbody,Malinline
IAH,PBC,Narrowbody,Regional
IAH,PBI,Narrowbody,Malinline
IAH,PDX,Narrowbody,Malinline
IAH,PHL,Narrowbody,Malinline
IAH,PHX,Narrowbody,Malinline
IAH,PIB,Narrowbody,Regional
IAH,PIT,Narrowbody,Malinline
IAH,PIT,Narrowbody,Regional
IAH,PNS,Narrowbody,Malinline
IAH,PNS,Narrowbody,Regional
IAH,POS,Narrowbody,Malinline
IAH,PTY,Narrowbody,Malinline
IAH,PUJ,Narrowbody,Malinline
IAH,PVR,Narrowbody,Malinline
IAH,QRO,Narrowbody,Malinline
IAH,QRO,Narrowbody,Regional
IAH,RDU,Narrowbody,Malinline
IAH,RDU,Narrowbody,Regional
IAH,RIC,Narrowbody,Malinline
IAH,RSW,Narrowbody,Malinline
IAH,RTB,Narrowbody,Malinline
IAH,SAL,Narrowbody,Malinline
IAH,SAN,Narrowbody,Malinline
IAH,SAP,Narrowbody,Malinline
IAH,SAT,Narrowbody,Malinline
IAH,SAT,Narrowbody,Regional
IAH,SCL,Widebody,Malinline
IAH,SDF,Narrowbody,Malinline
IAH,SEA,Narrowbody,Malinline
IAH,SFO,Narrowbody,Malinline
IAH,SFO,Widebody,Malinline
IAH,SJC,Narrowbody,Malinline
IAH,SJD,Narrowbody,Malinline
IAH,SJO,Narrowbody,Malinline
IAH,SJU,Narrowbody,Malinline
IAH,SLC,Narrowbody,Malinline
IAH,SLC,Narrowbody,Regional
IAH,SLP,Narrowbody,Regional
IAH,SMF,Narrowbody,Malinline
IAH,SNA,Narrowbody,Malinline
IAH,STL,Narrowbody,Malinline
IAH,STT,Narrowbody,Malinline
IAH,SYD,Widebody,Malinline
IAH,TAM,Narrowbody,Regional
IAH,TPA,Narrowbody,Malinline
IAH,TUL,Narrowbody,Malinline
IAH,TUL,Narrowbody,Regional
IAH,TUS,Narrowbody,Malinline
IAH,TUS,Narrowbody,Regional
IAH,UIO,Narrowbody,Malinline
IAH,VCT,Narrowbody,Regional
IAH,VER,Narrowbody,Regional
IAH,XNA,Narrowbody,Regional
IAH,XPL,Narrowbody,Malinline
IAH,YVR,Narrowbody,Malinline
IAH,YYC,Narrowbody,Malinline
IAH,YYZ,Narrowbody,Malinline
IAH,YYZ,Narrowbody,Regional
IAH,ZIH,Narrowbody,Regional
ICN,SFO,Widebody,Malinline
ICT,DEN,Narrowbody,Malinline
ICT,IAH,Narrowbody,Regional
ICT,ORD,Narrowbody,Malinline
ICT,ORD,Narrowbody,Regional
IDA,DEN,Narrowbody,Regional
IND,DEN,Narrowbody,Malinline
IND,EWR,Narrowbody,Malinline
IND,IAD,Narrowbody,Malinline
IND,IAH,Narrowbody,Malinline
IND,IAH,Narrowbody,Regional
IND,ORD,Narrowbody,Malinline
IND,ORD,Narrowbody,Regional
IND,SFO,Narrowbody,Malinline
JAC,DEN,Narrowbody,Malinline
JAC,ORD,Narrowbody,Malinline
JAX,DEN,Narrowbody,Malinline
JAX,EWR,Narrowbody,Malinline
JAX,IAD,Narrowbody,Malinline
JAX,IAH,Narrowbody,Malinline
JAX,IAH,Narrowbody,Regional
JAX,ORD,Narrowbody,Malinline
JFK,BRU,Widebody,Partner
JFK,FRA,Widebody,Partner
JFK,HND,Widebody,Partner
JFK,MUC,Widebody,Partner
JFK,VIE,Widebody,Partner
JLN,DEC,Narrowbody,Regional
JLN,DEN,Narrowbody,Regional
JMS,DEN,Narrowbody,Regional
JMS,DVL,Narrowbody,Regional
JNB,EWR,Widebody,Malinline
JST,IAD,Narrowbody,Regional
JST,ORD,Narrowbody,Regional
KIX,GUM,Narrowbody,Malinline
KIX,SFO,Widebody,Malinline
KOA,DEN,Narrowbody,Malinline
KOA,DEN,Widebody,Malinline
KOA,LAX,Narrowbody,Malinline
KOA,SFO,Narrowbody,Malinline
KOA,SFO,Widebody,Malinline
KSA,KWA,Narrowbody,Malinline
KSA,PNI,Narrowbody,Malinline
KWA,KSA,Narrowbody,Malinline
KWA,MAJ,Narrowbody,Malinline
KWA,PNI,Narrowbody,Malinline
LAR,DEN,Narrowbody,Regional
LAS,DEN,Narrowbody,Malinline
LAS,EWR,Narrowbody,Malinline
LAS,EWR,Widebody,Malinline
LAS,IAD,Narrowbody,Malinline
LAS,IAD,Widebody,Malinline
LAS,IAH,Narrowbody,Malinline
LAS,LAX,Narrowbody,Malinline
LAS,ORD,Narrowbody,Malinline
LAS,SFO,Narrowbody,Malinline
LAX,ACV,Narrowbody,Regional
LAX,AKL,Widebody,Malinline
LAX,ASE,Narrowbody,Regional
LAX,AUS,Narrowbody,Malinline
LAX,AUS,Narrowbody,Regional
LAX,BOI,Narrowbody,Regional
LAX,BOS,Narrowbody,Malinline
LAX,BWI,Narrowbody,Malinline
LAX,BZN,Narrowbody,Regional
LAX,CLE,Narrowbody,Malinline
LAX,CUN,Narrowbody,Malinline
LAX,DEN,Narrowbody,Malinline
LAX,DEN,Widebody,Malinline
LAX,EWR,Narrowbody,Malinline
LAX,EWR,Widebody,Malinline
LAX,FAT,Narrowbody,Regional
LAX,FRA,Widebody,Partner
LAX,GUA,Narrowbody,Malinline
LAX,HKG,Widebody,Malinline
LAX,HND,Widebody,Malinline
LAX,HND,Widebody,Partner
LAX,HNL,Narrowbody,Malinline
LAX,HNL,Widebody,Malinline
LAX,IAD,Narrowbody,Malinline
LAX,IAD,Widebody,Malinline
LAX,IAH,Narrowbody,Malinline
LAX,KOA,Narrowbody,Malinline
LAX,LAS,Narrowbody,Malinline
LAX,LHR,Widebody,Malinline
LAX,LIH,Narrowbody,Malinline
LAX,MCO,Narrowbody,Malinline
LAX,MEL,Widebody,Malinline
LAX,MRY,Narrowbody,Regional
LAX,MUC,Widebody,Partner
LAX,NRT,Widebody,Malinline
LAX,NRT,Widebody,Partner
LAX,OGG,Narrowbody,Malinline
LAX,ORD,Narrowbody,Malinline
LAX,ORD,Widebody,Malinline
LAX,PHX,Narrowbody,Malinline
LAX,PRC,Narrowbody,Regional
LAX,PVR,Narrowbody,Malinline
LAX,RDD,Narrowbody,Regional
LAX,RDM,Narrowbody,Regional
LAX,SAL,Narrowbody,Malinline
LAX,SAN,Narrowbody,Malinline
LAX,SAN,Narrowbody,Regional
LAX,SBA,Narrowbody,Regional
LAX,SBP,Narrowbody,Regional
LAX,SEA,Narrowbody,Malinline
LAX,SEA,Narrowbody,Regional
LAX,SFO,Narrowbody,Malinline
LAX,SJD,Narrowbody,Malinline
LAX,SLC,Narrowbody,Regional
LAX,SYD,Widebody,Malinline
LAX,TPA,Narrowbody,Malinline
LAX,YVR,Narrowbody,Malinline
LBB,DEN,Narrowbody,Regional
LBF,DEN,Narrowbody,Regional
LBL,DDC,Narrowbody,Regional
LBL,DEN,Narrowbody,Regional
LEX,DEN,Narrowbody,Regional
LEX,ORD,Narrowbody,Regional
LFT,IAH,Narrowbody,Regional
LGA,DEN,Narrowbody,Malinline
LGA,IAD,Narrowbody,Regional
LGA,IAH,Narrowbody,Malinline
LGA,IAH,Narrowbody,Regional
LGA,ORD,Narrowbody,Malinline
LGA,ORD,Narrowbody,Regional
LHR,BOS,Widebody,Malinline
LHR,DEN,Widebody,Malinline
LHR,EWR,Widebody,Malinline
LHR,IAD,Widebody,Malinline
LHR,IAH,Widebody,Malinline
LHR,LAX,Widebody,Malinline
LHR,ORD,Widebody,Malinline
LHR,SFO,Widebody,Malinline
LIH,DEN,Narrowbody,Malinline
LIH,LAX,Narrowbody,Malinline
LIH,SFO,Narrowbody,Malinline
LIM,EWR,Narrowbody,Malinline
LIM,IAH,Widebody,Malinline
LIR,DEN,Narrowbody,Malinline
LIR,EWR,Narrowbody,Malinline
LIR,IAH,Narrowbody,Malinline
LIS,EWR,Widebody,Malinline
LIS,IAD,Narrowbody,Malinline
LIS,IAD,Widebody,Malinline
LIT,DEN,Narrowbody,Regional
LIT,IAH,Narrowbody,Regional
LNK,ORD,Narrowbody,Regional
LOS,IAD,Widebody,Malinline
LWS,DEN,Narrowbody,Regional
MAD,EWR,Widebody,Malinline
MAD,IAD,Widebody,Malinline
MAF,DEN,Narrowbody,Regional
MAF,IAH,Narrowbody,Malinline
MAF,IAH,Narrowbody,Regional
MAJ,HNL,Narrowbody,Malinline
MAJ,KWA,Narrowbody,Malinline
MAJ,PNI,Narrowbody,Malinline
MBJ,EWR,Narrowbody,Malinline
MBJ,IAD,Narrowbody,Malinline
MBJ,IAH,Narrowbody,Malinline
MBJ,ORD,Narrowbody,Malinline
MBS,ORD,Narrowbody,Regional
MCI,DEN,Narrowbody,Malinline
MCI,EWR,Narrowbody,Malinline
MCI,IAH,Narrowbody,Malinline
MCI,IAH,Narrowbody,Regional
MCI,ORD,Narrowbody,Malinline
MCI,ORD,Narrowbody,Regional
MCI,SFO,Narrowbody,Malinline
MCI,SFO,Narrowbody,Regional
MCO,CLE,Narrowbody,Malinline
MCO,DEN,Narrowbody,Malinline
MCO,EWR,Narrowbody,Malinline
MCO,FRA,Widebody,Partner
MCO,IAD,Narrowbody,Malinline
MCO,IAH,Narrowbody,Malinline
MCO,LAX,Narrowbody,Malinline
MCO,ORD,Narrowbody,Malinline
MCO,ORD,Widebody,Malinline
MCO,SFO,Narrowbody,Malinline
MCW,FOD,Narrowbody,Regional
MCW,ORD,Narrowbody,Regional
MDT,ORD,Narrowbody,Malinline
MDT,ORD,Narrowbody,Regional
MEI,IAH,Narrowbody,Regional
MEL,LAX,Widebody,Malinline
MEL,SFO,Widebody,Malinline
MEM,DEN,Narrowbody,Malinline
MEM,EWR,Narrowbody,Malinline
MEM,IAH,Narrowbody,Malinline
MEM,IAH,Narrowbody,Regional
MEM,ORD,Narrowbody,Malinline
MEM,ORD,Narrowbody,Regional
MEX,EWR,Narrowbody,Malinline
MEX,IAD,Narrowbody,Malinline
MEX,IAH,Narrowbody,Malinline
MEX,NRT,Widebody,Partner
MEX,ORD,Narrowbody,Malinline
MEX,SFO,Narrowbody,Malinline
MFE,IAH,Narrowbody,Malinline
MFE,IAH,Narrowbody,Regional
MFR,DEN,Narrowbody,Malinline
MFR,SFO,Narrowbody,Malinline
MFR,SFO,Narrowbody,Regional
MGA,IAH,Narrowbody,Malinline
MIA,DEN,Narrowbody,Malinline
MIA,EWR,Narrowbody,Malinline
MIA,FRA,Widebody,Partner
MIA,IAD,Narrowbody,Malinline
MIA,IAH,Narrowbody,Malinline
MIA,MUC,Widebody,Partner
MIA,ORD,Narrowbody,Malinline
MIA,SFO,Narrowbody,Malinline
MID,IAH,Narrowbody,Malinline
MKE,DEN,Narrowbody,Malinline
MKE,DEN,Narrowbody,Regional
MKE,EWR,Narrowbody,Malinline
MKE,IAH,Narrowbody,Malinline
MKE,IAH,Narrowbody,Regional
MKE,ORD,Narrowbody,Regional
MLI,DEN,Narrowbody,Regional
MLI,ORD,Narrowbody,Regional
MLM,IAH,Narrowbody,Regional
MNL,GUM,Narrowbody,Malinline
MNL,ROR,Narrowbody,Malinline
MNL,SFO,Widebody,Malinline
MOB,IAH,Narrowbody,Regional
MOT,DEN,Narrowbody,Regional
MRY,DEN,Narrowbody,Regional
MRY,LAX,Narrowbody,Regional
MSN,DEN,Narrowbody,Malinline
MSN,DEN,Narrowbody,Regional
MSN,ORD,Narrowbody,Malinline
MSN,ORD,Narrowbody,Regional
MSO,DEN,Narrowbody,Malinline
MSO,DEN,Narrowbody,Regional
MSP,DEN,Narrowbody,Malinline
MSP,EWR,Narrowbody,Malinline
MSP,IAH,Narrowbody,Malinline
MSP,IAH,Narrowbody,Regional
MSP,ORD,Narrowbody,Malinline
MSP,SFO,Narrowbody,Malinline
MSY,DEN,Narrowbody,Malinline
MSY,EWR,Narrowbody,Malinline
MSY,IAD,Narrowbody,Malinline
MSY,IAH,Narrowbody,Malinline
MSY,IAH,Narrowbody,Regional
MSY,ORD,Narrowbody,Malinline
MSY,SFO,Narrowbody,Malinline
MTJ,DEN,Narrowbody,Regional
MTY,IAH,Narrowbody,Malinline
MTY,IAH,Narrowbody,Regional
MTY,ORD,Narrowbody,Regional
MUC,BOS,Widebody,Partner
MUC,CLT,Widebody,Partner
MUC,DEN,Widebody,Malinline
MUC,DEN,Widebody,Partner
MUC,EWR,Widebody,Malinline
MUC,EWR,Widebody,Partner
MUC,IAD,Widebody,Malinline
MUC,IAH,Widebody,Malinline
MUC,JFK,Widebody,Partner
MUC,LAX,Widebody,Partner
MUC,MIA,Widebody,Partner
MUC,ORD,Widebody,Malinline
MUC,ORD,Widebody,Partner
MUC,SFO,Widebody,Malinline
MUC,SFO,Widebody,Partner
MXP,EWR,Widebody,Malinline
MXP,ORD,Widebody,Malinline
MYR,EWR,Narrowbody,Malinline
NAP,EWR,Widebody,Malinline
NAS,EWR,Narrowbody,Malinline
NAS,IAH,Narrowbody,Malinline
NGO,GUM,Narrowbody,Malinline
NRT,DEN,Widebody,Malinline
NRT,EWR,Widebody,Malinline
NRT,GUM,Narrowbody,Malinline
NRT,HNL,Widebody,Partner
NRT,IAD,Widebody,Partner
NRT,IAH,Widebody,Malinline
NRT,LAX,Widebody,Malinline
NRT,LAX,Widebody,Partner
NRT,MEX,Widebody,Partner
NRT,ORD,Widebody,Partner
NRT,SFO,Widebody,Malinline
NRT,SFO,Widebody,Partner
NRT,SPN,Narrowbody,Malinline
OAX,IAH,Narrowbody,Regional
OGG,DEN,Widebody,Malinline
OGG,LAX,Narrowbody,Malinline
OGG,SFO,Narrowbody,Malinline
OGG,SFO,Widebody,Malinline
OKC,DEN,Narrowbody,Malinline
OKC,DEN,Narrowbody,Regional
OKC,IAH,Narrowbody,Regional
OKC,ORD,Narrowbody,Regional
OMA,DEN,Narrowbody,Malinline
OMA,DEN,Narrowbody,Regional
OMA,IAH,Narrowbody,Malinline
OMA,IAH,Narrowbody,Regional
OMA,ORD,Narrowbody,Malinline
OMA,ORD,Narrowbody,Regional
OMA,SFO,Narrowbody,Malinline
OMA,SFO,Narrowbody,Regional
ONT,DEN,Narrowbody,Malinline
ONT,SFO,Narrowbody,Malinline
ONT,SFO,Narrowbody,Regional
OPO,EWR,Narrowbody,Malinline
ORD,ABE,Narrowbody,Regional
ORD,ABQ,Narrowbody,Malinline
ORD,ABQ,Narrowbody,Regional
ORD,ALB,Narrowbody,Malinline
ORD,ALB,Narrowbody,Regional
ORD,AMS,Widebody,Malinline
ORD,ANC,Narrowbody,Malinline
ORD,ASE,Narrowbody,Regional
ORD,ATL,Narrowbody,Malinline
ORD,ATW,Narrowbody,Regional
ORD,AUS,Narrowbody,Malinline
ORD,AVP,Narrowbody,Regional
ORD,BDL,Narrowbody,Malinline
ORD,BGR,Narrowbody,Regional
ORD,BHM,Narrowbody,Regional
ORD,BNA,Narrowbody,Malinline
ORD,BNA,Narrowbody,Regional
ORD,BOI,Narrowbody,Malinline
ORD,BOS,Narrowbody,Malinline
ORD,BRU,Widebody,Malinline
ORD,BTV,Narrowbody,Malinline
ORD,BUF,Narrowbody,Malinline
ORD,BWI,Narrowbody,Malinline
ORD,BZN,Narrowbody,Malinline
ORD,BZN,Narrowbody,Regional
ORD,CAE,Narrowbody,Regional
ORD,CAK,Narrowbody,Regional
ORD,CDG,Widebody,Malinline
ORD,CHA,Narrowbody,Regional
ORD,CHO,Narrowbody,Regional
ORD,CHS,Narrowbody,Malinline
ORD,CHS,Narrowbody,Regional
ORD,CID,Narrowbody,Malinline
ORD,CID,Narrowbody,Regional
ORD,CLE,Narrowbody,Malinline
ORD,CLT,Narrowbody,Malinline
ORD,CMH,Narrowbody,Malinline
ORD,CMH,Narrowbody,Regional
ORD,CMX,Narrowbody,Regional
ORD,COS,Narrowbody,Malinline
ORD,COS,Narrowbody,Regional
ORD,CRW,Narrowbody,Regional
ORD,CUN,Narrowbody,Malinline
ORD,CUN,Widebody,Malinline
ORD,CVG,Narrowbody,Malinline
ORD,CVG,Narrowbody,Regional
ORD,DAY,Narrowbody,Regional
ORD,DCA,Narrowbody,Malinline
ORD,DEC,Narrowbody,Regional
ORD,DEN,Narrowbody,Malinline
ORD,DEN,Widebody,Malinline
ORD,DFW,Narrowbody,Malinline
ORD,DLH,Narrowbody,Regional
ORD,DSM,Narrowbody,Malinline
ORD,DSM,Narrowbody,Regional
ORD,DTW,Narrowbody,Malinline
ORD,DTW,Narrowbody,Regional
ORD,DUB,Narrowbody,Malinline
ORD,EWR,Narrowbody,Malinline
ORD,FAR,Narrowbody,Regional
ORD,FCO,Widebody,Malinline
ORD,FLL,Narrowbody,Malinline
ORD,FNT,Narrowbody,Regional
ORD,FOD,Narrowbody,Regional
ORD,FRA,Widebody,Malinline
ORD,FRA,Widebody,Partner
ORD,FSD,Narrowbody,Malinline
ORD,FSD,Narrowbody,Regional
ORD,FWA,Narrowbody,Regional
ORD,GRB,Narrowbody,Regional
ORD,GRR,Narrowbody,Malinline
ORD,GRR,Narrowbody,Regional
ORD,GRU,Widebody,Malinline
ORD,GSO,Narrowbody,Regional
ORD,GSP,Narrowbody,Regional
ORD,GUA,Narrowbody,Malinline
ORD,HND,Widebody,Malinline
ORD,HND,Widebody,Partner
ORD,HNL,Widebody,Malinline
ORD,HSV,Narrowbody,Regional
ORD,HYS,Narrowbody,Regional
ORD,IAD,Narrowbody,Malinline
ORD,IAD,Widebody,Malinline
ORD,IAH,Narrowbody,Malinline
ORD,ICT,Narrowbody,Malinline
ORD,ICT,Narrowbody,Regional
ORD,IND,Narrowbody,Malinline
ORD,IND,Narrowbody,Regional
ORD,JAC,Narrowbody,Malinline
ORD,JAX,Narrowbody,Malinline
ORD,JST,Narrowbody,Regional
ORD,LAS,Narrowbody,Malinline
ORD,LAX,Narrowbody,Malinline
ORD,LAX,Widebody,Malinline
ORD,LEX,Narrowbody,Regional
ORD,LGA,Narrowbody,Malinline
ORD,LGA,Narrowbody,Regional
ORD,LHR,Widebody,Malinline
ORD,LNK,Narrowbody,Regional
ORD,MBJ,Narrowbody,Malinline
ORD,MBS,Narrowbody,Regional
ORD,MCI,Narrowbody,Malinline
ORD,MCI,Narrowbody,Regional
ORD,MCO,Narrowbody,Malinline
ORD,MCO,Widebody,Malinline
ORD,MCW,Narrowbody,Regional
ORD,MDT,Narrowbody,Malinline
ORD,MDT,Narrowbody,Regional
ORD,MEM,Narrowbody,Malinline
ORD,MEM,Narrowbody,Regional
ORD,MEX,Narrowbody,Malinline
ORD,MIA,Narrowbody,Malinline
ORD,MKE,Narrowbody,Regional
ORD,MLI,Narrowbody,Regional
ORD,MSN,Narrowbody,Malinline
ORD,MSN,Narrowbody,Regional
ORD,MSP,Narrowbody,Malinline
ORD,MSY,Narrowbody,Malinline
ORD,MTY,Narrowbody,Regional
ORD,MUC,Widebody,Malinline
ORD,MUC,Widebody,Partner
ORD,MXP,Widebody,Malinline
ORD,NRT,Widebody,Partner
ORD,OKC,Narrowbody,Regional
ORD,OMA,Narrowbody,Malinline
ORD,OMA,Narrowbody,Regional
ORD,ORF,Narrowbody,Malinline
ORD,PBI,Narrowbody,Malinline
ORD,PDX,Narrowbody,Malinline
ORD,PHL,Narrowbody,Malinline
ORD,PHX,Narrowbody,Malinline
ORD,PIA,Narrowbody,Regional
ORD,PIT,Narrowbody,Malinline
ORD,PIT,Narrowbody,Regional
ORD,PNS,Narrowbody,Malinline
ORD,PSP,Narrowbody,Malinline
ORD,PUJ,Narrowbody,Malinline
ORD,PVD,Narrowbody,Malinline
ORD,PVR,Narrowbody,Malinline
ORD,PWM,Narrowbody,Malinline
ORD,RAP,Narrowbody,Malinline
ORD,RDU,Narrowbody,Malinline
ORD,RIC,Narrowbody,Malinline
ORD,RNO,Narrowbody,Malinline
ORD,ROA,Narrowbody,Regional
ORD,ROC,Narrowbody,Malinline
ORD,ROC,Narrowbody,Regional
ORD,RSW,Narrowbody,Malinline
ORD,SAN,Narrowbody,Malinline
ORD,SAT,Narrowbody,Malinline
ORD,SAT,Narrowbody,Regional
ORD,SAV,Narrowbody,Malinline
ORD,SAV,Narrowbody,Regional
ORD,SBN,Narrowbody,Regional
ORD,SCE,Narrowbody,Regional
ORD,SDF,Narrowbody,Malinline
ORD,SDF,Narrowbody,Regional
ORD,SEA,Narrowbody,Malinline
ORD,SFO,Narrowbody,Malinline
ORD,SFO,Widebody,Malinline
ORD,SGF,Narrowbody,Regional
ORD,SJC,Narrowbody,Malinline
ORD,SJD,Narrowbody,Malinline
ORD,SJU,Narrowbody,Malinline
ORD,SLC,Narrowbody,Malinline
ORD,SMF,Narrowbody,Malinline
ORD,SNA,Narrowbody,Malinline
ORD,SRQ,Narrowbody,Malinline
ORD,STL,Narrowbody,Malinline
ORD,STL,Narrowbody,Regional
ORD,SUX,Narrowbody,Regional
ORD,SYR,Narrowbody,Malinline
ORD,SYR,Narrowbody,Regional
ORD,TLV,Widebody,Malinline
ORD,TPA,Narrowbody,Malinline
ORD,TUL,Narrowbody,Regional
ORD,TUS,Narrowbody,Regional
ORD,TVC,Narrowbody,Malinline
ORD,TVC,Narrowbody,Regional
ORD,TYS,Narrowbody,Regional
ORD,XNA,Narrowbody,Regional
ORD,YUL,Narrowbody,Regional
ORD,YVR,Narrowbody,Malinline
ORD,YYC,Narrowbody,Malinline
ORD,YYZ,Narrowbody,Malinline
ORD,YYZ,Narrowbody,Regional
ORD,ZRH,Widebody,Malinline
ORF,DEN,Narrowbody,Malinline
ORF,EWR,Narrowbody,Malinline
ORF,IAD,Narrowbody,Malinline
ORF,IAH,Narrowbody,Malinline
ORF,ORD,Narrowbody,Malinline
OTH,SFO,Narrowbody,Regional
PBC,IAH,Narrowbody,Regional
PBI,EWR,Narrowbody,Malinline
PBI,IAH,Narrowbody,Malinline
PBI,ORD,Narrowbody,Malinline
PDX,DEN,Narrowbody,Malinline
PDX,EWR,Narrowbody,Malinline
PDX,IAD,Narrowbody,Malinline
PDX,IAH,Narrowbody,Malinline
PDX,ORD,Narrowbody,Malinline
PDX,SFO,Narrowbody,Malinline
PHL,DEN,Narrowbody,Malinline
PHL,FRA,Widebody,Partner
PHL,IAH,Narrowbody,Malinline
PHL,ORD,Narrowbody,Malinline
PHL,SFO,Narrowbody,Malinline
PHX,DEN,Narrowbody,Malinline
PHX,EWR,Narrowbody,Malinline
PHX,IAD,Narrowbody,Malinline
PHX,IAH,Narrowbody,Malinline
PHX,LAX,Narrowbody,Malinline
PHX,ORD,Narrowbody,Malinline
PHX,SFO,Narrowbody,Malinline
PIA,ORD,Narrowbody,Regional
PIB,IAH,Narrowbody,Regional
PIB,MEI,Narrowbody,Regional
PIT,DEN,Narrowbody,Malinline
PIT,IAH,Narrowbody,Malinline
PIT,IAH,Narrowbody,Regional
PIT,ORD,Narrowbody,Malinline
PIT,ORD,Narrowbody,Regional
PIT,SFO,Narrowbody,Malinline
PLS,EWR,Narrowbody,Malinline
PLS,IAD,Narrowbody,Malinline
PNI,KSA,Narrowbody,Malinline
PNI,KWA,Narrowbody,Malinline
PNI,MAJ,Narrowbody,Malinline
PNI,TKK,Narrowbody,Malinline
PNS,IAH,Narrowbody,Malinline
PNS,IAH,Narrowbody,Regional
PNS,ORD,Narrowbody,Malinline
POP,EWR,Narrowbody,Malinline
POS,IAH,Narrowbody,Malinline
PPT,SFO,Widebody,Malinline
PRC,DEN,Narrowbody,Regional
PRC,LAX,Narrowbody,Regional
PSC,DEN,Narrowbody,Regional
PSC,SFO,Narrowbody,Regional
PSP,DEN,Narrowbody,Malinline
PSP,ORD,Narrowbody,Malinline
PSP,SFO,Narrowbody,Malinline
PSP,SFO,Narrowbody,Regional
PTY,EWR,Narrowbody,Malinline
PTY,IAH,Narrowbody,Malinline
PUJ,EWR,Narrowbody,Malinline
PUJ,IAD,Narrowbody,Malinline
PUJ,IAH,Narrowbody,Malinline
PUJ,ORD,Narrowbody,Malinline
PVD,ORD,Narrowbody,Malinline
PVG,SFO,Widebody,Malinline
PVR,DEN,Narrowbody,Malinline
PVR,IAH,Narrowbody,Malinline
PVR,LAX,Narrowbody,Malinline
PVR,ORD,Narrowbody,Malinline
PVR,SFO,Narrowbody,Malinline
PWM,EWR,Narrowbody,Malinline
PWM,IAD,Narrowbody,Malinline
PWM,ORD,Narrowbody,Malinline
QRO,IAH,Narrowbody,Malinline
QRO,IAH,Narrowbody,Regional
RAP,DEN,Narrowbody,Malinline
RAP,DEN,Narrowbody,Regional
RAP,ORD,Narrowbody,Malinline
RDD,LAX,Narrowbody,Regional
RDD,SFO,Narrowbody,Regional
RDM,DEN,Narrowbody,Malinline
RDM,DEN,Narrowbody,Regional
RDM,LAX,Narrowbody,Regional
RDM,SFO,Narrowbody,Malinline
RDM,SFO,Narrowbody,Regional
RDU,DEN,Narrowbody,Malinline
RDU,EWR,Narrowbody,Malinline
RDU,IAD,Narrowbody,Malinline
RDU,IAH,Narrowbody,Malinline
RDU,IAH,Narrowbody,Regional
RDU,ORD,Narrowbody,Malinline
RDU,SFO,Narrowbody,Malinline
RIC,DEN,Narrowbody,Malinline
RIC,IAH,Narrowbody,Malinline
RIC,ORD,Narrowbody,Malinline
RIW,DEN,Narrowbody,Regional
RKS,DEN,Narrowbody,Regional
RNO,DEN,Narrowbody,Malinline
RNO,ORD,Narrowbody,Malinline
RNO,SFO,Narrowbody,Malinline
RNO,SFO,Narrowbody,Regional
ROA,ORD,Narrowbody,Regional
ROC,EWR,Narrowbody,Malinline
ROC,IAD,Narrowbody,Regional
ROC,ORD,Narrowbody,Malinline
ROC,ORD,Narrowbody,Regional
ROR,GUM,Narrowbody,Malinline
ROR,MNL,Narrowbody,Malinline
RSW,DEN,Narrowbody,Malinline
RSW,EWR,Narrowbody,Malinline
RSW,IAD,Narrowbody,Malinline
RSW,IAH,Narrowbody,Malinline
RSW,ORD,Narrowbody,Malinline
RTB,IAH,Narrowbody,Malinline
SAL,IAD,Narrowbody,Malinline
SAL,IAH,Narrowbody,Malinline
SAL,LAX,Narrowbody,Malinline
SAN,DEN,Narrowbody,Malinline
SAN,EWR,Narrowbody,Malinline
SAN,IAD,Narrowbody,Malinline
SAN,IAD,Widebody,Malinline
SAN,IAH,Narrowbody,Malinline
SAN,LAX,Narrowbody,Malinline
SAN,LAX,Narrowbody,Regional
SAN,ORD,Narrowbody,Malinline
SAN,SFO,Narrowbody,Malinline
SAP,IAH,Narrowbody,Malinline
SAT,DEN,Narrowbody,Malinline
SAT,EWR,Narrowbody,Malinline
SAT,IAD,Narrowbody,Malinline
SAT,IAH,Narrowbody,Malinline
SAT,IAH,Narrowbody,Regional
SAT,ORD,Narrowbody,Malinline
SAT,ORD,Narrowbody,Regional
SAT,SFO,Narrowbody,Malinline
SAV,DEN,Narrowbody,Malinline
SAV,EWR,Narrowbody,Malinline
SAV,IAH,Narrowbody,Regional
SAV,ORD,Narrowbody,Malinline
SAV,ORD,Narrowbody,Regional
SBA,DEN,Narrowbody,Malinline
SBA,DEN,Narrowbody,Regional
SBA,LAX,Narrowbody,Regional
SBA,SFO,Narrowbody,Malinline
SBA,SFO,Narrowbody,Regional
SBN,ORD,Narrowbody,Regional
SBP,DEN,Narrowbody,Malinline
SBP,LAX,Narrowbody,Regional
SBP,SFO,Narrowbody,Regional
SCE,ORD,Narrowbody,Regional
SCL,IAH,Widebody,Malinline
SDF,DEN,Narrowbody,Malinline
SDF,IAH,Narrowbody,Malinline
SDF,ORD,Narrowbody,Malinline
SDF,ORD,Narrowbody,Regional
SDQ,EWR,Narrowbody,Malinline
SEA,DEN,Narrowbody,Malinline
SEA,DEN,Narrowbody,Regional
SEA,EWR,Narrowbody,Malinline
SEA,FRA,Widebody,Partner
SEA,HND,Widebody,Partner
SEA,IAD,Narrowbody,Malinline
SEA,IAH,Narrowbody,Malinline
SEA,LAX,Narrowbody,Malinline
SEA,LAX,Narrowbody,Regional
SEA,ORD,Narrowbody,Malinline
SEA,SFO,Narrowbody,Malinline
SFO,ABQ,Narrowbody,Malinline
SFO,ABQ,Narrowbody,Regional
SFO,ACV,Narrowbody,Regional
SFO,AKL,Widebody,Malinline
SFO,AMS,Widebody,Malinline
SFO,ATL,Narrowbody,Malinline
SFO,AUS,Narrowbody,Malinline
SFO,BFL,Narrowbody,Regional
SFO,BNA,Narrowbody,Malinline
SFO,BNE,Widebody,Malinline
SFO,BOI,Narrowbody,Malinline
SFO,BOI,Narrowbody,Regional
SFO,BOS,Narrowbody,Malinline
SFO,BUR,Narrowbody,Regional
SFO,BWI,Narrowbody,Malinline
SFO,BZN,Narrowbody,Regional
SFO,CDG,Widebody,Malinline
SFO,CLE,Narrowbody,Malinline
SFO,CMH,Narrowbody,Malinline
SFO,CUN,Narrowbody,Malinline
SFO,DCA,Narrowbody,Malinline
SFO,DEN,Narrowbody,Malinline
SFO,DEN,Widebody,Malinline
SFO,DFW,Narrowbody,Malinline
SFO,EUG,Narrowbody,Malinline
SFO,EWR,Narrowbody,Malinline
SFO,EWR,Widebody,Malinline
SFO,FAT,Narrowbody,Malinline
SFO,FAT,Narrowbody,Regional
SFO,FLL,Narrowbody,Malinline
SFO,FRA,Widebody,Malinline
SFO,GEG,Narrowbody,Regional
SFO,HKG,Widebody,Malinline
SFO,HND,Widebody,Malinline
SFO,HND,Widebody,Partner
SFO,HNL,Narrowbody,Malinline
SFO,HNL,Widebody,Malinline
SFO,IAD,Narrowbody,Malinline
SFO,IAD,Widebody,Malinline
SFO,IAH,Narrowbody,Malinline
SFO,IAH,Widebody,Malinline
SFO,ICN,Widebody,Malinline
SFO,IND,Narrowbody,Malinline
SFO,KIX,Widebody,Malinline
SFO,KOA,Narrowbody,Malinline
SFO,KOA,Widebody,Malinline
SFO,LAS,Narrowbody,Malinline
SFO,LAX,Narrowbody,Malinline
SFO,LHR,Widebody,Malinline
SFO,LIH,Narrowbody,Malinline
SFO,MCI,Narrowbody,Malinline
SFO,MCI,Narrowbody,Regional
SFO,MCO,Narrowbody,Malinline
SFO,MEL,Widebody,Malinline
SFO,MEX,Narrowbody,Malinline
SFO,MFR,Narrowbody,Malinline
SFO,MFR,Narrowbody,Regional
SFO,MIA,Narrowbody,Malinline
SFO,MNL,Widebody,Malinline
SFO,MRY,Narrowbody,Regional
SFO,MSP,Narrowbody,Malinline
SFO,MSY,Narrowbody,Malinline
SFO,MUC,Widebody,Malinline
SFO,MUC,Widebody,Partner
SFO,NRT,Widebody,Malinline
SFO,NRT,Widebody,Partner
SFO,OGG,Narrowbody,Malinline
SFO,OGG,Widebody,Malinline
SFO,OMA,Narrowbody,Malinline
SFO,OMA,Narrowbody,Regional
SFO,ONT,Narrowbody,Malinline
SFO,ONT,Narrowbody,Regional
SFO,ORD,Narrowbody,Malinline
SFO,ORD,Widebody,Malinline
SFO,OTH,Narrowbody,Regional
SFO,PDX,Narrowbody,Malinline
SFO,PHL,Narrowbody,Malinline
SFO,PHX,Narrowbody,Malinline
SFO,PIT,Narrowbody,Malinline
SFO,PPT,Widebody,Malinline
SFO,PSC,Narrowbody,Regional
SFO,PSP,Narrowbody,Malinline
SFO,PSP,Narrowbody,Regional
SFO,PVG,Widebody,Malinline
SFO,PVR,Narrowbody,Malinline
SFO,RDD,Narrowbody,Regional
SFO,RDM,Narrowbody,Malinline
SFO,RDM,Narrowbody,Regional
SFO,RDU,Narrowbody,Malinline
SFO,RNO,Narrowbody,Malinline
SFO,RNO,Narrowbody,Regional
SFO,SAN,Narrowbody,Malinline
SFO,SAT,Narrowbody,Malinline
SFO,SBA,Narrowbody,Malinline
SFO,SBA,Narrowbody,Regional
SFO,SBP,Narrowbody,Regional
SFO,SEA,Narrowbody,Malinline
SFO,SIN,Widebody,Malinline
SFO,SJD,Narrowbody,Malinline
SFO,SLC,Narrowbody,Malinline
SFO,SLC,Narrowbody,Regional
SFO,SMF,Narrowbody,Regional
SFO,SNA,Narrowbody,Malinline
SFO,SNA,Narrowbody,Regional
SFO,SYD,Widebody,Malinline
SFO,TLV,Widebody,Malinline
SFO,TPA,Narrowbody,Malinline
SFO,TPE,Widebody,Malinline
SFO,TUS,Narrowbody,Regional
SFO,YVR,Narrowbody,Malinline
SFO,YVR,Narrowbody,Regional
SFO,YYC,Narrowbody,Malinline
SFO,YYZ,Narrowbody,Malinline
SFO,ZRH,Widebody,Malinline
SGF,DEN,Narrowbody,Regional
SGF,ORD,Narrowbody,Regional
SGU,DEN,Narrowbody,Regional
SHR,DEN,Narrowbody,Regional
SIN,SFO,Widebody,Malinline
SJC,DEN,Narrowbody,Malinline
SJC,IAH,Narrowbody,Malinline
SJC,ORD,Narrowbody,Malinline
SJD,DEN,Narrowbody,Malinline
SJD,EWR,Narrowbody,Malinline
SJD,IAH,Narrowbody,Malinline
SJD,LAX,Narrowbody,Malinline
SJD,ORD,Narrowbody,Malinline
SJD,SFO,Narrowbody,Malinline
SJO,EWR,Narrowbody,Malinline
SJO,IAH,Narrowbody,Malinline
SJU,EWR,Narrowbody,Malinline
SJU,EWR,Widebody,Malinline
SJU,IAD,Narrowbody,Malinline
SJU,IAH,Narrowbody,Malinline
SJU,ORD,Narrowbody,Malinline
SLC,DEN,Narrowbody,Malinline
SLC,DEN,Narrowbody,Regional
SLC,EWR,Narrowbody,Malinline
SLC,IAH,Narrowbody,Malinline
SLC,IAH,Narrowbody,Regional
SLC,LAX,Narrowbody,Regional
SLC,ORD,Narrowbody,Malinline
SLC,SFO,Narrowbody,Malinline
SLC,SFO,Narrowbody,Regional
SLN,HYS,Narrowbody,Regional
SLN,ORD,Narrowbody,Regional
SLP,IAH,Narrowbody,Regional
SMF,DEN,Narrowbody,Malinline
SMF,EWR,Narrowbody,Malinline
SMF,IAD,Narrowbody,Malinline
SMF,IAH,Narrowbody,Malinline
SMF,ORD,Narrowbody,Malinline
SMF,SFO,Narrowbody,Regional
SNA,DEN,Narrowbody,Malinline
SNA,EWR,Narrowbody,Malinline
SNA,IAH,Narrowbody,Malinline
SNA,ORD,Narrowbody,Malinline
SNA,SFO,Narrowbody,Malinline
SNA,SFO,Narrowbody,Regional
SNN,EWR,Narrowbody,Malinline
SPN,GUM,Narrowbody,Malinline
SPN,NRT,Narrowbody,Malinline
SRQ,EWR,Narrowbody,Malinline
SRQ,ORD,Narrowbody,Malinline
STI,EWR,Narrowbody,Malinline
STL,DEN,Narrowbody,Malinline
STL,EWR,Narrowbody,Malinline
STL,IAH,Narrowbody,Malinline
STL,IAH,Narrowbody,Regional
STL,ORD,Narrowbody,Malinline
STL,ORD,Narrowbody,Regional
STT,EWR,Narrowbody,Malinline
STT,IAD,Narrowbody,Malinline
STT,IAH,Narrowbody,Malinline
SUX,DEN,Narrowbody,Regional
SUX,ORD,Narrowbody,Regional
SXM,EWR,Narrowbody,Malinline
SYD,IAH,Widebody,Malinline
SYD,LAX,Widebody,Malinline
SYD,SFO,Widebody,Malinline
SYR,DEN,Narrowbody,Malinline
SYR,EWR,Narrowbody,Malinline
SYR,IAD,Narrowbody,Regional
SYR,ORD,Narrowbody,Malinline
SYR,ORD,Narrowbody,Regional
TAM,IAH,Narrowbody,Regional
TKK,GUM,Narrowbody,Malinline
TKK,PNI,Narrowbody,Malinline
TLV,EWR,Widebody,Malinline
TLV,IAD,Widebody,Malinline
TLV,ORD,Widebody,Malinline
TLV,SFO,Widebody,Malinline
TPA,DEN,Narrowbody,Malinline
TPA,EWR,Narrowbody,Malinline
TPA,IAD,Narrowbody,Malinline
TPA,IAH,Narrowbody,Malinline
TPA,LAX,Narrowbody,Malinline
TPA,ORD,Narrowbody,Malinline
TPA,SFO,Narrowbody,Malinline
TPE,SFO,Widebody,Malinline
TUL,DEN,Narrowbody,Malinline
TUL,IAH,Narrowbody,Malinline
TUL,IAH,Narrowbody,Regional
TUL,ORD,Narrowbody,Regional
TUS,DEN,Narrowbody,Malinline
TUS,IAH,Narrowbody,Malinline
TUS,IAH,Narrowbody,Regional
TUS,ORD,Narrowbody,Regional
TUS,SFO,Narrowbody,Regional
TVC,ORD,Narrowbody,Malinline
TVC,ORD,Narrowbody,Regional
TYS,DEN,Narrowbody,Regional
TYS,ORD,Narrowbody,Regional
UIO,IAH,Narrowbody,Malinline
VCE,EWR,Widebody,Malinline
VCT,IAH,Narrowbody,Regional
VEL,DEN,Narrowbody,Regional
VER,IAH,Narrowbody,Regional
VIE,EWR,Widebody,Partner
VIE,IAD,Widebody,Partner
VIE,JFK,Widebody,Partner
XNA,DEN,Narrowbody,Regional
XNA,IAH,Narrowbody,Regional
XNA,ORD,Narrowbody,Regional
XPL,IAH,Narrowbody,Malinline
XWA,DEN,Narrowbody,Regional
YAP,GUM,Narrowbody,Malinline
YEG,DEN,Narrowbody,Regional
YUL,IAD,Narrowbody,Regional
YUL,ORD,Narrowbody,Regional
YVR,DEN,Narrowbody,Malinline
YVR,HND,Widebody,Partner
YVR,IAH,Narrowbody,Malinline
YVR,LAX,Narrowbody,Malinline
YVR,ORD,Narrowbody,Malinline
YVR,SFO,Narrowbody,Malinline
YVR,SFO,Narrowbody,Regional
YYC,DEN,Narrowbody,Malinline
YYC,IAH,Narrowbody,Malinline
YYC,ORD,Narrowbody,Malinline
YYC,SFO,Narrowbody,Malinline
YYZ,DEN,Narrowbody,Malinline
YYZ,IAD,Narrowbody,Regional
YYZ,IAH,Narrowbody,Malinline
YYZ,ORD,Narrowbody,Malinline
YYZ,ORD,Narrowbody,Regional
YYZ,SFO,Narrowbody,Malinline
ZIH,IAH,Narrowbody,Regional
ZRH,EWR,Widebody,Malinline
ZRH,IAD,Widebody,Malinline
ZRH,ORD,Widebody,Malinline
ZRH,SFO,Widebody,Malinline